,Atelectasis,Cardiomegaly,Consolidation,Edema,Plural Effusion,Mean
Epoch 1,0.7399829497016198,0.8502415458937198,0.7415501165501165,0.6916666666666667,0.8313432835820896,0.7709569124788425
Epoch 2,0.7619352088661551,0.8142512077294686,0.747086247086247,0.6673245614035087,0.8364605543710021,0.7654115558912763
Epoch 3,0.7728047740835465,0.7944444444444444,0.7738927738927739,0.6714912280701754,0.8373134328358208,0.7699893306653521
Epoch 4,0.7092924126172208,0.8243961352657004,0.7517482517482518,0.6462719298245614,0.8392324093816631,0.7541882277674795
Epoch 5,0.7521312872975278,0.8096618357487922,0.7156177156177157,0.6458333333333333,0.8219616204690833,0.7490411584932903
